contact_id,company_id,first_name,last_name,email,phone,job_title,created_date,last_activity_date,is_active
1,54,Evan,Ramos,evan.ramos@smith.com,+1-605-798-2620,Physiotherapist,2024-11-14 02:35:38.917607,2025-03-20 02:35:38.917607,True
2,63,Rachel,Flynn,rachel.flynn@clark-wright.com,(886)592-3226x025,Archaeologist,2025-04-10 02:35:38.917607,2025-04-11 02:35:38.917607,True
3,44,Joseph,Cobb,joseph.cobb@brennan-garrison.com,775.643.3036,Clinical cytogeneticist,2024-10-14 02:35:38.917607,2025-04-07 02:35:38.917607,True
4,60,Michelle,Rasmussen,michelle.rasmussen@may-ross.net,301-842-9401x96556,Health promotion specialist,2023-10-19 02:35:38.917607,2025-04-17 02:35:38.917607,True
5,51,Rachel,Lee,rachel.lee@graham.com,(861)659-5148x465,Armed forces operational officer,2025-04-07 02:35:38.917607,2025-04-12 02:35:38.917607,True
6,55,Angela,Lee,,+1-729-994-6804x43699,Museum education officer,2025-03-23 02:35:38.917607,2025-04-09 02:35:38.917607,True
7,49,Scott,Lowe,scott.lowe@leon-moyer.com,+1-514-989-5134x33200,Sales promotion account executive,2024-05-07 02:35:38.917607,2025-02-28 02:35:38.917607,True
8,36,Cheryl,Mack,cheryl.mack@mercado-johnston.biz,563.320.1632x8708,"Programmer, applications",2025-02-12 02:35:38.917607,2025-04-07 02:35:38.917607,True
9,61,Stephen,Solis,,+1-495-979-8687,Set designer,2024-04-24 02:35:38.917607,2025-04-03 02:35:38.917607,True
10,84,Shannon,Walton,,001-487-434-7143x45581,Health and safety inspector,2025-04-12 02:35:38.917607,2025-04-17 02:35:38.917607,True
11,32,Jesse,Benson,,,"Engineer, site",2024-11-12 02:35:38.917607,2025-02-15 02:35:38.917607,True
12,17,Caleb,Russell,caleb.russell@perry-clark.biz,,Special effects artist,2024-12-27 02:35:38.917607,2025-02-17 02:35:38.917607,True
13,90,Perry,Carrillo,perry.carrillo@james.biz,(488)993-7346x70656,Advertising account planner,2025-02-18 02:35:38.917607,2025-02-27 02:35:38.917607,True
14,21,Samantha,Hooper,samantha.hooper@meadows.org,,"Social research officer, government",2025-04-14 02:35:38.917607,2025-04-15 02:35:38.917607,True
15,74,Elizabeth,Miller,elizabeth.miller@camacho.com,965-237-5564x641,Phytotherapist,2024-09-26 02:35:38.917607,2025-03-23 02:35:38.917607,True
16,10,Kaitlyn,Williams,kaitlyn.williams@santos.com,001-603-730-9232x71937,Maintenance engineer,2024-12-14 02:35:38.917607,2025-04-14 02:35:38.917607,True
17,90,Gary,Lawson,gary.lawson@oconnell.org,3496663193,Colour technologist,2025-02-15 02:35:38.917607,2025-02-26 02:35:38.917607,True
18,73,Melissa,Burke,melissa.burke@patton.com,985-406-7165,Community arts worker,2024-09-10 02:35:38.917607,2024-10-30 02:35:38.917607,False
19,48,Ryan,Gross,,+1-587-976-9453x147,Geophysicist/field seismologist,2025-04-05 02:35:38.917607,2025-04-11 02:35:38.917607,True
20,63,Ashley,Barnett,,6756273545,Legal secretary,2024-11-06 02:35:38.917607,2024-12-21 02:35:38.917607,False
21,91,Angela,Black,,,"Engineer, aeronautical",2025-02-10 02:35:38.917607,2025-03-14 02:35:38.917607,True
22,79,Christopher,Cortez,christopher.cortez@chang.info,701.843.6349x578,Records manager,2024-08-13 02:35:38.917607,2025-02-17 02:35:38.917607,True
23,56,Wendy,Pierce,wendy.pierce@chavez.com,618-523-3749x89413,Management consultant,2025-01-25 02:35:38.917607,2025-02-22 02:35:38.917607,True
24,32,Michael,Turner,michael.turner@hill.net,,"Social research officer, government",2024-01-12 02:35:38.917607,2024-12-14 02:35:38.917607,False
25,97,Kelly,Raymond,kelly.raymond@salas.com,277.452.0471x1671,Recycling officer,2024-03-25 02:35:38.917607,2025-04-07 02:35:38.917607,True
26,4,Edward,Hart,edward.hart@mcknight.net,001-269-399-3867x74964,Industrial buyer,2024-12-14 02:35:38.917607,2025-03-21 02:35:38.917607,True
27,46,Stacey,Clark,stacey.clark@guerrero-moore.com,+1-212-506-7974,"Engineer, mining",2024-06-16 02:35:38.917607,2024-11-27 02:35:38.917607,False
28,72,Keith,Campbell,,434-693-6183,Professor Emeritus,2025-03-05 02:35:38.917607,2025-04-02 02:35:38.917607,True
29,93,Margaret,Jones,margaret.jones@larson-holloway.com,217.846.4887x719,Diagnostic radiographer,2024-12-15 02:35:38.917607,2025-03-04 02:35:38.917607,True
30,61,Jessica,Munoz,jessica.munoz@perez.org,001-604-490-2787,Agricultural engineer,2025-03-31 02:35:38.917607,2025-04-15 02:35:38.917607,True
31,38,Wendy,Graham,wendy.graham@harrison.com,712-356-7468x07154,Regulatory affairs officer,2024-06-08 02:35:38.917607,2025-03-06 02:35:38.917607,True
32,75,Tara,Powell,tara.powell@sandoval.info,(903)985-9770x34824,"Scientist, audiological",2024-04-30 02:35:38.917607,2025-02-22 02:35:38.917607,True
33,96,David,Dudley,david.dudley@mckinney.net,9866131712,Transport planner,2024-01-09 02:35:38.917607,2025-03-14 02:35:38.917607,True
34,40,William,Hill,william.hill@sanchez-arnold.biz,,Radiation protection practitioner,2024-10-02 02:35:38.917607,2025-03-28 02:35:38.917607,True
35,16,James,Greene,james.greene@hill.com,840.944.9972x78755,Copy,2024-10-10 02:35:38.917607,2025-04-14 02:35:38.917607,True
36,28,Sarah,Kane,sarah.kane@reyes.com,001-376-962-7028x9517,Field trials officer,2024-06-20 02:35:38.917607,2025-04-05 02:35:38.917607,True
37,68,Alexis,Thomas,alexis.thomas@harrison.com,+1-561-658-6578x091,"Designer, fashion/clothing",2025-01-08 02:35:38.917607,2025-03-30 02:35:38.917607,True
38,30,Wendy,Francis,wendy.francis@hodges.com,524.800.5045x562,Politician's assistant,2023-10-19 02:35:38.917607,2024-12-09 02:35:38.917607,False
39,36,Ashlee,Sparks,,,"Doctor, hospital",2025-02-02 02:35:38.917607,2025-04-01 02:35:38.917607,True
40,82,Gregory,Lynch,gregory.lynch@vega.com,647.840.7482x175,Museum/gallery exhibitions officer,2025-04-11 02:35:38.917607,2025-04-13 02:35:38.917607,True
41,37,Hannah,Bryant,hannah.bryant@kidd.com,669.259.4406,Immigration officer,2025-03-01 02:35:38.917607,2025-04-16 02:35:38.917607,True
42,33,Ashlee,Jennings,ashlee.jennings@mcgee.com,+1-753-439-4210x470,Artist,2025-03-15 02:35:38.917607,2025-03-23 02:35:38.917607,True
43,63,Christopher,Phillips,,(632)985-8842,Pathologist,2025-04-04 02:35:38.917607,2025-04-15 02:35:38.917607,True
44,20,Tammy,Phillips,tammy.phillips@mcdonald.com,001-836-785-1604x81754,Lexicographer,2025-01-20 02:35:38.917607,2025-04-16 02:35:38.917607,True
45,16,Daniel,Hall,daniel.hall@henson.com,+1-517-446-1200x4711,Agricultural consultant,2024-08-29 02:35:38.917607,2025-04-09 02:35:38.917607,True
46,49,Paul,Watson,paul.watson@matthews-barber.biz,+1-317-796-4053x7735,"Sound technician, broadcasting/film/video",2023-08-24 02:35:38.917607,2025-02-22 02:35:38.917607,True
47,40,Amy,Levine,amy.levine@sanders.com,,Mechanical engineer,2025-01-06 02:35:38.917607,2025-04-04 02:35:38.917607,True
48,81,Stacy,Holloway,stacy.holloway@lewis.com,232-693-1839x33529,"Chemist, analytical",2025-01-27 02:35:38.917607,2025-04-17 02:35:38.917607,True
49,31,Michele,Thomas,,,"Conservator, furniture",2025-04-16 02:35:38.917607,2025-04-16 02:35:38.917607,True
50,58,Amber,Lindsey,amber.lindsey@delacruz.com,001-350-324-0268,Clinical molecular geneticist,2025-04-09 02:35:38.917607,2025-04-14 02:35:38.917607,True
51,37,Thomas,Strickland,thomas.strickland@rodriguez.com,001-384-770-0766x1771,Scientific laboratory technician,2024-12-22 02:35:38.917607,2025-04-15 02:35:38.917607,True
52,88,Charlene,Jones,charlene.jones@schultz.org,747.989.6118x36736,Haematologist,2023-07-17 02:35:38.917607,2025-02-01 02:35:38.917607,True
53,85,Raymond,Blair,raymond.blair@edwards-scott.com,,Intelligence analyst,2024-12-21 02:35:38.917607,2025-03-31 02:35:38.917607,True
54,29,Gloria,Wells,gloria.wells@davis.com,(780)898-8516,"Chemist, analytical",2024-11-23 02:35:38.917607,2025-04-08 02:35:38.917607,True
55,8,Miranda,Griffith,,+1-745-319-8327x315,Holiday representative,2023-09-13 02:35:38.917607,2025-03-12 02:35:38.917607,True
56,57,Kathryn,Andrews,,+1-699-680-9402,"Pilot, airline",2024-04-24 02:35:38.917607,2025-02-25 02:35:38.917607,True
57,35,Sandra,Bell,sandra.bell@knight.com,(401)783-6675,"Education officer, community",2025-01-25 02:35:38.917607,2025-01-31 02:35:38.917607,True
58,6,Larry,Nguyen,larry.nguyen@miller.org,6145767976,Tax inspector,2023-08-08 02:35:38.917607,2025-04-01 02:35:38.917607,True
59,4,Kari,Wilson,,249-278-4036,Planning and development surveyor,2024-11-21 02:35:38.917607,2025-02-01 02:35:38.917607,True
60,3,James,Dougherty,james.dougherty@roberts-wilson.info,001-862-226-8388x5160,"Copywriter, advertising",2025-02-08 02:35:38.917607,2025-03-30 02:35:38.917607,True
61,6,Steve,Miller,steve.miller@patterson.com,,Intelligence analyst,2023-11-03 02:35:38.917607,2025-03-07 02:35:38.917607,True
62,57,Darius,Smith,darius.smith@solis.info,,"Journalist, broadcasting",2024-06-22 02:35:38.917607,2025-02-21 02:35:38.917607,True
63,82,Marilyn,Gillespie,marilyn.gillespie@richard-sanchez.org,(581)764-5352x1818,Chartered management accountant,2024-08-20 02:35:38.917607,2025-03-04 02:35:38.917607,True
64,53,Michael,Mullen,michael.mullen@garcia.com,(992)712-7799,Data scientist,2025-01-25 02:35:38.917607,2025-03-06 02:35:38.917607,True
65,53,Michelle,Burton,michelle.burton@jones-ramos.com,690-358-1477x005,Dentist,2024-09-24 02:35:38.917607,2025-02-06 02:35:38.917607,True
66,5,Deanna,Madden,deanna.madden@wheeler.com,393.459.7820x715,Chemical engineer,2024-05-21 02:35:38.917607,2025-04-17 02:35:38.917607,True
67,15,Benjamin,Zimmerman,benjamin.zimmerman@mills.com,(465)790-5151x8644,Print production planner,2024-07-28 02:35:38.917607,2025-04-17 02:35:38.917607,True
68,85,Christopher,Alvarado,christopher.alvarado@ponce-hale.biz,(391)848-6528,Maintenance engineer,2025-02-21 02:35:38.917607,2025-04-11 02:35:38.917607,True
69,67,William,Smith,william.smith@bean.info,232.721.4188,Insurance broker,2024-01-21 02:35:38.917607,2025-03-22 02:35:38.917607,True
70,27,Nancy,Williamson,nancy.williamson@moore-white.org,,"Therapist, speech and language",2025-02-03 02:35:38.917607,2025-02-20 02:35:38.917607,True
71,90,Lisa,Martin,lisa.martin@jenkins.com,,Primary school teacher,2024-12-16 02:35:38.917607,2025-01-17 02:35:38.917607,True
72,21,Tara,Bishop,tara.bishop@ferguson.info,,"Production assistant, radio",2025-02-24 02:35:38.917607,2025-04-12 02:35:38.917607,True
73,29,Rebecca,Lee,rebecca.lee@murray-campbell.biz,386.623.9240x75818,"Teacher, English as a foreign language",2024-01-01 02:35:38.917607,2025-04-02 02:35:38.917607,True
74,83,Christopher,Martin,christopher.martin@hernandez.com,550.260.6853x615,"Production assistant, television",2024-10-16 02:35:38.917607,2025-03-11 02:35:38.917607,True
75,66,Lucas,Garcia,lucas.garcia@taylor.info,001-827-379-0104x328,Legal executive,2024-12-15 02:35:38.917607,2025-03-18 02:35:38.917607,True
76,32,Kimberly,Young,kimberly.young@allen.org,,Community development worker,2024-10-04 02:35:38.917607,2024-11-15 02:35:38.917607,False
77,66,Stephen,Rodriguez,stephen.rodriguez@herrera.com,,Restaurant manager,2025-03-31 02:35:38.917607,2025-04-09 02:35:38.917607,True
78,99,Kelly,Smith,kelly.smith@duncan.com,651.288.8880x67065,Manufacturing engineer,2023-11-15 02:35:38.917607,2025-03-14 02:35:38.917607,True
79,1,Michael,Jones,michael.jones@sandoval.com,(405)385-2772,Financial adviser,2024-06-21 02:35:38.917607,2025-03-17 02:35:38.917607,True
80,20,Jennifer,Acevedo,jennifer.acevedo@harris-moody.com,348-768-7403x45054,Animator,2024-05-12 02:35:38.917607,2025-04-13 02:35:38.917607,True
81,98,Samuel,Ross,samuel.ross@morgan-lopez.info,(384)316-1692x845,Printmaker,2024-11-04 02:35:38.917607,2025-02-21 02:35:38.917607,True
82,25,Mark,Phillips,mark.phillips@robbins.info,4592640165,Product designer,2025-01-09 02:35:38.917607,2025-03-19 02:35:38.917607,True
83,100,Douglas,Lawson,douglas.lawson@martinez.com,(469)709-2755x719,Primary school teacher,2024-08-18 02:35:38.917607,2025-03-03 02:35:38.917607,True
84,49,Raymond,Banks,raymond.banks@johnson.info,368.914.4739x47312,Fisheries officer,2024-11-13 02:35:38.917607,2025-02-13 02:35:38.917607,True
85,5,Gerald,Reeves,,+1-555-418-8442x25831,Chartered loss adjuster,2024-05-13 02:35:38.917607,2025-04-17 02:35:38.917607,True
86,13,Joel,Snyder,joel.snyder@armstrong.com,+1-711-346-7866x912,Media planner,2024-12-04 02:35:38.917607,2025-04-03 02:35:38.917607,True
87,2,Shannon,Frazier,shannon.frazier@humphrey.org,(426)480-1824,Local government officer,2024-11-10 02:35:38.917607,2025-04-08 02:35:38.917607,True
88,61,Marcus,Fletcher,marcus.fletcher@jacobson.net,724-298-1829x922,Logistics and distribution manager,2024-03-06 02:35:38.917607,2025-03-07 02:35:38.917607,True
89,11,Marcia,Johnson,marcia.johnson@wise.org,(490)978-4473x64710,Armed forces technical officer,2024-02-03 02:35:38.917607,2024-07-18 02:35:38.917607,False
90,49,Robert,Marshall,robert.marshall@thomas.com,(425)388-1537x1473,"Librarian, public",2023-12-05 02:35:38.917607,2025-04-13 02:35:38.917607,True
91,80,Brent,Dougherty,,(232)359-5327x87747,Warden/ranger,2024-06-27 02:35:38.917607,2025-04-03 02:35:38.917607,True
92,96,Sierra,Wagner,,695.200.4797,Financial adviser,2023-07-09 02:35:38.917607,2025-04-05 02:35:38.917607,True
93,57,Melanie,Jordan,,001-356-850-6098x3584,"Geneticist, molecular",2025-04-03 02:35:38.917607,2025-04-17 02:35:38.917607,True
94,42,William,Duran,william.duran@becker.biz,(258)452-3986x800,Health service manager,2024-10-08 02:35:38.917607,2025-04-11 02:35:38.917607,True
95,19,Jennifer,Brock,jennifer.brock@hernandez-barry.com,695-926-9495x88879,"Scientist, physiological",2024-05-03 02:35:38.917607,2025-01-15 02:35:38.917607,False
96,22,Lisa,Richardson,,(894)409-7499x30972,Clinical molecular geneticist,2025-01-10 02:35:38.917607,2025-03-09 02:35:38.917607,True
97,88,Lorraine,Allen,lorraine.allen@rodriguez.com,(836)789-7028x38578,"Teacher, primary school",2024-11-22 02:35:38.917607,2025-03-19 02:35:38.917607,True
98,60,Sue,Stevens,sue.stevens@payne-lowe.com,+1-773-934-8434x437,Site engineer,2025-04-08 02:35:38.917607,2025-04-11 02:35:38.917607,True
99,60,Michael,Peck,michael.peck@martinez-rhodes.biz,(652)640-4157x4733,Graphic designer,2024-11-07 02:35:38.917607,2025-04-17 02:35:38.917607,True
100,57,Derrick,Gilbert,derrick.gilbert@sanchez.net,230.416.5712,Theatre director,2024-11-15 02:35:38.917607,2025-02-22 02:35:38.917607,True
101,89,Richard,Donovan,richard.donovan@santos-avila.com,440-619-3802x62067,Publishing copy,2025-02-26 02:35:38.917607,2025-03-24 02:35:38.917607,True
102,62,Nancy,Smith,,+1-515-347-8872x874,Tax inspector,2025-01-16 02:35:38.917607,2025-03-12 02:35:38.917607,True
103,38,Mark,Simon,mark.simon@lopez.org,+1-732-596-6851x61227,Furniture designer,2024-03-08 02:35:38.917607,2025-03-31 02:35:38.917607,True
104,2,Adam,Reyes,adam.reyes@finley-turner.org,8456301742,Product manager,2025-02-26 02:35:38.917607,2025-03-10 02:35:38.917607,True
105,96,Hannah,Fowler,hannah.fowler@mendez-robinson.com,927.795.6878x3391,Hotel manager,2024-06-28 02:35:38.917607,2025-03-19 02:35:38.917607,True
106,78,Christian,Elliott,christian.elliott@leach.com,887-913-9718x70728,Biomedical engineer,2025-02-28 02:35:38.917607,2025-04-01 02:35:38.917607,True
107,87,Anne,Hansen,anne.hansen@johnson.com,001-910-265-1801,Insurance account manager,2024-11-28 02:35:38.917607,2025-03-24 02:35:38.917607,True
108,81,Justin,White,justin.white@good.biz,466.518.2512x868,Control and instrumentation engineer,2024-09-04 02:35:38.917607,2025-04-17 02:35:38.917607,True
109,5,Mary,Avila,mary.avila@nunez-stephens.net,(533)575-2431x0690,Hydrogeologist,2025-01-15 02:35:38.917607,2025-04-17 02:35:38.917607,True
110,38,Carlos,Wheeler,carlos.wheeler@powers.com,(773)583-0284x3959,Product manager,2024-09-24 02:35:38.917607,2025-04-09 02:35:38.917607,True
111,70,Kevin,Thomas,kevin.thomas@gutierrez.com,+1-792-868-7056,"Scientist, research (life sciences)",2024-08-04 02:35:38.917607,2025-02-18 02:35:38.917607,True
112,35,Ricky,Evans,ricky.evans@wells.com,708.366.8826x343,Educational psychologist,2023-12-11 02:35:38.917607,2025-03-11 02:35:38.917607,True
113,96,Sandra,Boone,sandra.boone@hardy.org,+1-501-539-8373x540,Chief Executive Officer,2023-12-25 02:35:38.917607,2025-04-08 02:35:38.917607,True
114,19,Suzanne,Wilson,suzanne.wilson@dominguez.com,(938)954-6785x4458,Quality manager,2024-05-06 02:35:38.917607,2024-05-07 02:35:38.917607,False
115,51,Corey,Zavala,corey.zavala@rocha-wood.biz,8936204899,"Psychotherapist, child",2025-03-02 02:35:38.917607,2025-04-17 02:35:38.917607,True
116,51,Elijah,Rivera,,001-437-785-4777,Museum education officer,2025-02-18 02:35:38.917607,2025-04-15 02:35:38.917607,True
117,87,Gary,Cortez,gary.cortez@stark.com,701.200.6231x20387,Records manager,2024-03-23 02:35:38.917607,2024-05-26 02:35:38.917607,False
118,48,Christine,Estrada,,270.808.8600x8484,Warehouse manager,2025-03-23 02:35:38.917607,2025-04-12 02:35:38.917607,True
119,79,Linda,Browning,linda.browning@warren.com,,Clinical biochemist,2024-02-21 02:35:38.917607,2025-02-17 02:35:38.917607,True
120,90,Christine,King,christine.king@norton-miller.biz,993.234.1016x668,Manufacturing systems engineer,2025-02-05 02:35:38.917607,2025-04-12 02:35:38.917607,True
121,5,Dana,Warner,dana.warner@bruce-newman.com,001-218-303-3974,Charity fundraiser,2025-01-08 02:35:38.917607,2025-04-17 02:35:38.917607,True
122,31,Gabrielle,Ramirez,gabrielle.ramirez@barrett.com,,Speech and language therapist,2024-08-28 02:35:38.917607,2025-01-13 02:35:38.917607,False
123,86,Suzanne,Matthews,suzanne.matthews@evans.com,001-268-356-2185,Occupational therapist,2025-02-07 02:35:38.917607,2025-03-22 02:35:38.917607,True
124,76,Samuel,Roberson,samuel.roberson@mack.com,,"Librarian, public",2024-09-17 02:35:38.917607,2025-01-24 02:35:38.917607,True
125,13,Anthony,Nelson,anthony.nelson@perez-tran.biz,(829)761-9431x14262,"Production designer, theatre/television/film",2025-02-05 02:35:38.917607,2025-04-16 02:35:38.917607,True
126,89,Michael,Davis,michael.davis@ward-nelson.com,226-378-8861,Insurance account manager,2025-02-16 02:35:38.917607,2025-02-22 02:35:38.917607,True
127,47,Michael,Davis,,460-646-6183x98262,"Therapist, sports",2024-07-13 02:35:38.917607,2025-03-26 02:35:38.917607,True
128,8,Kevin,Snyder,kevin.snyder@hamilton.com,,Biomedical scientist,2024-12-13 02:35:38.917607,2025-02-18 02:35:38.917607,True
129,12,Todd,Jones,todd.jones@le.org,+1-937-712-4065x965,Food technologist,2025-03-27 02:35:38.917607,2025-04-16 02:35:38.917607,True
130,43,Ryan,Colon,ryan.colon@evans.com,,"Therapist, music",2023-09-17 02:35:38.917607,2025-03-22 02:35:38.917607,True
131,9,Timothy,Thompson,timothy.thompson@carter-neal.info,001-535-464-6519,Occupational therapist,2024-06-21 02:35:38.917607,2024-12-28 02:35:38.917607,False
132,30,Erin,Pierce,erin.pierce@clark.com,,"Psychologist, clinical",2025-04-15 02:35:38.917607,2025-04-16 02:35:38.917607,True
133,19,Lori,Flynn,lori.flynn@porter.com,001-266-717-9796x886,Osteopath,2025-01-18 02:35:38.917607,2025-04-03 02:35:38.917607,True
134,85,Jacqueline,Burnett,jacqueline.burnett@rocha.com,,"Therapist, music",2024-04-16 02:35:38.917607,2025-03-23 02:35:38.917607,True
135,31,Gabriel,Salazar,gabriel.salazar@byrd.biz,,"Surveyor, quantity",2024-12-03 02:35:38.917607,2025-04-04 02:35:38.917607,True
136,17,Daniel,Garcia,daniel.garcia@burgess.com,856.379.8250x714,Environmental education officer,2025-03-16 02:35:38.917607,2025-03-18 02:35:38.917607,True
137,58,Darren,Shepard,darren.shepard@collins-gibson.com,375.471.7751x40105,Curator,2025-03-21 02:35:38.917607,2025-04-10 02:35:38.917607,True
138,65,Sarah,Yang,sarah.yang@arnold.net,(873)262-2660x93796,"Scientist, clinical (histocompatibility and immunogenetics)",2024-05-15 02:35:38.917607,2025-04-13 02:35:38.917607,True
139,39,Janet,Harris,janet.harris@garcia.com,871.347.8596,Biomedical scientist,2025-04-02 02:35:38.917607,2025-04-02 02:35:38.917607,True
140,52,Michael,Bruce,michael.bruce@cervantes.com,,Waste management officer,2024-04-18 02:35:38.917607,2024-09-02 02:35:38.917607,False
141,10,Samantha,Lawrence,samantha.lawrence@wilson-torres.com,(428)466-9296x627,Contractor,2025-02-01 02:35:38.917607,2025-04-15 02:35:38.917607,True
142,17,Tracy,Taylor,tracy.taylor@harvey-glenn.com,323.268.8767x6772,International aid/development worker,2024-07-11 02:35:38.917607,2025-03-07 02:35:38.917607,True
143,49,Laura,Walker,laura.walker@walker-roberts.info,001-778-281-9148,Amenity horticulturist,2024-01-09 02:35:38.917607,2025-02-12 02:35:38.917607,True
144,78,Kathleen,Alexander,kathleen.alexander@garcia-greer.com,807-445-1713x3959,Engineering geologist,2025-03-19 02:35:38.917607,2025-03-21 02:35:38.917607,True
145,84,Christina,Glover,christina.glover@hudson.com,+1-282-654-4948x126,"Engineer, maintenance",2025-01-15 02:35:38.917607,2025-03-21 02:35:38.917607,True
146,56,Michelle,Martinez,michelle.martinez@thomas.com,001-767-929-4667x11684,Consulting civil engineer,2025-01-21 02:35:38.917607,2025-02-24 02:35:38.917607,True
147,59,Stephanie,Murphy,stephanie.murphy@davis.com,686-736-3745,"Accountant, chartered",2024-06-01 02:35:38.917607,2025-03-21 02:35:38.917607,True
148,41,Amy,Anderson,amy.anderson@shannon-farmer.com,570-412-7706,Radio producer,2025-01-29 02:35:38.917607,2025-04-02 02:35:38.917607,True
149,9,Nicole,Turner,,,Graphic designer,2024-09-08 02:35:38.917607,2025-03-24 02:35:38.917607,True
150,96,Clarence,Ward,clarence.ward@beck-banks.com,(943)261-1037x1293,Charity fundraiser,2023-09-26 02:35:38.917607,2025-04-10 02:35:38.917607,True
151,76,Alan,Cooper,alan.cooper@benson-woods.com,(211)415-5426x2218,Community arts worker,2025-02-14 02:35:38.917607,2025-03-22 02:35:38.917607,True
152,46,Scott,Bowen,scott.bowen@jensen-ramos.com,412-519-6565,"Designer, blown glass/stained glass",2024-09-13 02:35:38.917607,2024-10-15 02:35:38.917607,False
153,7,Joshua,Miller,joshua.miller@greene.com,+1-543-989-8364x03761,Surgeon,2025-03-03 02:35:38.917607,2025-04-11 02:35:38.917607,True
154,74,Danielle,Jones,danielle.jones@peck-anderson.org,,"Administrator, charities/voluntary organisations",2024-08-14 02:35:38.917607,2025-03-20 02:35:38.917607,True
155,14,Robert,Payne,robert.payne@best-townsend.com,001-610-843-0068,Drilling engineer,2025-03-19 02:35:38.917607,2025-03-24 02:35:38.917607,True
156,36,Rodney,Morales,rodney.morales@jensen.net,528.256.9146,Software engineer,2024-11-25 02:35:38.917607,2024-11-26 02:35:38.917607,False
157,4,John,Middleton,john.middleton@salazar-brown.com,602-402-7588,Commercial art gallery manager,2025-02-08 02:35:38.917607,2025-04-14 02:35:38.917607,True
158,24,Nathan,Brady,nathan.brady@tanner.biz,481-749-1778x507,Geophysical data processor,2024-05-05 02:35:38.917607,2025-03-26 02:35:38.917607,True
159,1,Eric,Ayala,,,"Teacher, secondary school",2024-05-16 02:35:38.917607,2025-03-23 02:35:38.917607,True
160,9,Emily,Wilson,,4002307562,Sales executive,2025-04-02 02:35:38.917607,2025-04-15 02:35:38.917607,True
161,96,Angela,Sloan,angela.sloan@morris.com,319-951-8023x806,Personnel officer,2024-01-09 02:35:38.917607,2025-03-05 02:35:38.917607,True
162,21,Michelle,Ayala,michelle.ayala@miller-bryant.com,949.549.3759,Insurance risk surveyor,2025-01-08 02:35:38.917607,2025-03-12 02:35:38.917607,True
163,77,Jessica,Payne,,,Financial trader,2025-01-27 02:35:38.917607,2025-04-17 02:35:38.917607,True
164,87,Edward,Randolph,,585.505.0641,Aeronautical engineer,2024-02-08 02:35:38.917607,2024-08-12 02:35:38.917607,False
165,78,Robert,Woodward,robert.woodward@ramirez.net,(457)519-1826x19906,Curator,2024-10-06 02:35:38.917607,2025-03-16 02:35:38.917607,True
166,15,Kelly,Rosales,kelly.rosales@decker.com,,"Nurse, learning disability",2024-05-05 02:35:38.917607,2024-12-14 02:35:38.917607,False
167,68,Charles,Harris,charles.harris@moore.info,,Television/film/video producer,2024-09-27 02:35:38.917607,2025-03-10 02:35:38.917607,True
168,8,Steven,Russell,,(537)747-4112x490,Social worker,2024-09-13 02:35:38.917607,2025-03-31 02:35:38.917607,True
169,98,Eddie,Dawson,eddie.dawson@palmer-byrd.com,(306)478-8317,Market researcher,2025-04-14 02:35:38.917607,2025-04-14 02:35:38.917607,True
170,96,David,Brown,david.brown@gonzalez.com,,Environmental education officer,2023-10-20 02:35:38.917607,2025-03-19 02:35:38.917607,True
171,65,Gina,Pace,gina.pace@willis.com,472.815.1070,Chartered accountant,2024-10-18 02:35:38.917607,2025-04-17 02:35:38.917607,True
172,51,Lorraine,Foster,lorraine.foster@vega-thompson.com,,Air traffic controller,2025-04-15 02:35:38.917607,2025-04-16 02:35:38.917607,True
173,10,Rebekah,Hill,rebekah.hill@johnson.org,847.468.7014,Product designer,2024-06-28 02:35:38.917607,2025-04-05 02:35:38.917607,True
174,91,Robert,Day,robert.day@mccoy.com,(757)587-5985x6420,Secondary school teacher,2025-02-25 02:35:38.917607,2025-04-16 02:35:38.917607,True
175,42,Anthony,Cochran,,5786593213,Health visitor,2024-08-25 02:35:38.917607,2025-04-12 02:35:38.917607,True
176,12,Amanda,Moody,amanda.moody@johnston.com,,Banker,2024-01-27 02:35:38.917607,2025-03-11 02:35:38.917607,True
177,52,Savannah,Frey,savannah.frey@young.com,001-605-499-2937,Early years teacher,2024-11-10 02:35:38.917607,2025-01-21 02:35:38.917607,True
178,29,Tracy,Davis,tracy.davis@robinson.org,,"Exhibitions officer, museum/gallery",2023-11-12 02:35:38.917607,2025-04-03 02:35:38.917607,True
179,68,James,Anderson,james.anderson@brown-hernandez.com,001-818-951-5691x54522,"Editor, film/video",2024-10-21 02:35:38.917607,2025-03-26 02:35:38.917607,True
180,94,Debra,Thompson,debra.thompson@preston.org,(264)442-2096,"Surveyor, planning and development",2025-03-11 02:35:38.917607,2025-04-02 02:35:38.917607,True
181,14,Carrie,Mccall,,,Veterinary surgeon,2024-11-14 02:35:38.917607,2025-03-29 02:35:38.917607,True
182,98,Jeffrey,Cunningham,jeffrey.cunningham@rivera.com,,Research scientist (maths),2024-08-08 02:35:38.917607,2025-03-19 02:35:38.917607,True
183,97,Michael,Flores,michael.flores@santiago.com,433-815-4100x676,Chartered management accountant,2024-05-22 02:35:38.917607,2025-04-07 02:35:38.917607,True
184,20,Trevor,Gray,trevor.gray@garcia-mendoza.org,+1-432-871-0405x4115,Sports coach,2024-06-11 02:35:38.917607,2025-04-11 02:35:38.917607,True
185,36,Eugene,Jones,eugene.jones@wheeler-austin.info,001-806-629-6201x533,Chief Financial Officer,2025-03-30 02:35:38.917607,2025-04-08 02:35:38.917607,True
186,60,Donna,Evans,donna.evans@long.info,,Chief Operating Officer,2024-06-28 02:35:38.917607,2025-04-17 02:35:38.917607,True
187,83,Eric,Ward,eric.ward@phillips.org,931.603.2417x1467,Physiotherapist,2024-11-11 02:35:38.917607,2025-02-12 02:35:38.917607,True
188,50,Christopher,Stephens,christopher.stephens@mcclure-wood.info,4473743490,Electrical engineer,2025-03-27 02:35:38.917607,2025-04-03 02:35:38.917607,True
189,74,Christopher,Cooper,christopher.cooper@arellano-lawrence.net,6683687937,Special educational needs teacher,2024-08-17 02:35:38.917607,2025-02-12 02:35:38.917607,True
190,20,Ralph,Nash,ralph.nash@duncan.org,(817)322-3320,Animal nutritionist,2024-05-01 02:35:38.917607,2025-04-12 02:35:38.917607,True
191,11,Vanessa,Graham,vanessa.graham@scott.com,,Data scientist,2024-12-12 02:35:38.917607,2025-01-17 02:35:38.917607,True
192,57,Christopher,Hawkins,christopher.hawkins@gates-stone.com,001-399-386-1622x999,Sub,2024-06-09 02:35:38.917607,2025-03-28 02:35:38.917607,True
193,47,Anna,Garcia,anna.garcia@beard.info,001-897-202-4629,Higher education lecturer,2024-09-20 02:35:38.917607,2025-03-27 02:35:38.917607,True
194,87,Randy,Koch,randy.koch@reese.com,6549447132,Field seismologist,2024-05-10 02:35:38.917607,2025-03-15 02:35:38.917607,True
195,43,Kim,Flores,,+1-313-673-6785x082,Pension scheme manager,2024-07-01 02:35:38.917607,2025-03-16 02:35:38.917607,True
196,93,Jenna,Powell,jenna.powell@johnson.com,807.305.3457,"Scientist, research (physical sciences)",2025-01-31 02:35:38.917607,2025-03-27 02:35:38.917607,True
197,11,Erin,Allen,erin.allen@griffin.net,,Records manager,2024-10-20 02:35:38.917607,2025-01-28 02:35:38.917607,True
198,84,Michael,Martin,michael.martin@rivas.com,(293)233-3468,Further education lecturer,2025-01-31 02:35:38.917607,2025-04-07 02:35:38.917607,True
199,40,Thomas,Anderson,thomas.anderson@owen.com,001-846-365-7437x489,Early years teacher,2024-05-16 02:35:38.917607,2025-04-09 02:35:38.917607,True
200,86,Adrian,Key,adrian.key@holland.com,815.745.4443x2830,Minerals surveyor,2025-01-20 02:35:38.917607,2025-02-18 02:35:38.917607,True
201,68,Erin,Griffith,,746-666-0993x5387,Research scientist (medical),2024-07-31 02:35:38.917607,2025-03-25 02:35:38.917607,True
202,3,Megan,Pittman,megan.pittman@carter.com,,"Surveyor, insurance",2025-02-22 02:35:38.917607,2025-04-07 02:35:38.917607,True
203,99,Joyce,Hardy,joyce.hardy@arroyo.com,653.946.5549,"Surveyor, land/geomatics",2024-11-28 02:35:38.917607,2025-03-29 02:35:38.917607,True
204,10,Melissa,Ruiz,melissa.ruiz@blackburn.net,768-846-0223,Television production assistant,2024-08-01 02:35:38.917607,2025-03-24 02:35:38.917607,True
205,70,Vanessa,Orozco,vanessa.orozco@stewart.com,001-917-352-5007x43292,"Programmer, systems",2025-03-29 02:35:38.917607,2025-04-07 02:35:38.917607,True
206,99,David,Hamilton,david.hamilton@patterson-woods.com,2835505830,"Pilot, airline",2024-11-11 02:35:38.917607,2025-03-28 02:35:38.917607,True
207,24,Jeremy,Wiley,jeremy.wiley@garcia.org,721-904-4789x8562,Insurance underwriter,2024-10-30 02:35:38.917607,2025-03-02 02:35:38.917607,True
208,57,Michael,Lopez,,3337230982,Operations geologist,2024-04-14 02:35:38.917607,2025-03-18 02:35:38.917607,True
209,57,Jennifer,Conner,jennifer.conner@scott.com,+1-210-601-6761x84723,Mining engineer,2024-03-12 02:35:38.917607,2025-02-19 02:35:38.917607,True
210,30,Robert,Garcia,robert.garcia@dean-haynes.biz,589-614-1173,"Scientist, product/process development",2023-12-24 02:35:38.917607,2024-01-11 02:35:38.917607,False
211,25,Marie,Dudley,marie.dudley@ortiz.com,001-375-330-0119x721,Materials engineer,2024-12-26 02:35:38.917607,2025-02-17 02:35:38.917607,True
212,99,Rebecca,Newman,rebecca.newman@baker-williams.com,4454561100,"Programmer, multimedia",2023-10-25 02:35:38.917607,2025-02-23 02:35:38.917607,True
213,21,Mark,Kline,mark.kline@johns-davis.com,(416)367-4676,Wellsite geologist,2025-03-31 02:35:38.917607,2025-04-09 02:35:38.917607,True
214,7,David,Barber,david.barber@perry.info,001-972-996-5902,"Designer, jewellery",2025-02-06 02:35:38.917607,2025-04-11 02:35:38.917607,True
215,92,Daniel,Jenkins,daniel.jenkins@green.com,001-989-793-5889x163,Armed forces training and education officer,2024-11-23 02:35:38.917607,2025-04-07 02:35:38.917607,True
216,98,Elizabeth,Davidson,,+1-390-902-8772,Database administrator,2024-07-29 02:35:38.917607,2025-04-08 02:35:38.917607,True
217,56,Malik,Rivera,,9839866317,Health physicist,2024-12-23 02:35:38.917607,2025-02-20 02:35:38.917607,True
218,45,Christopher,Jimenez,christopher.jimenez@hooper.com,666-508-8019,Interpreter,2024-09-27 02:35:38.917607,2024-12-10 02:35:38.917607,False
219,48,Diamond,Bryant,diamond.bryant@bryan-velasquez.info,789-397-5711x30554,Licensed conveyancer,2024-03-30 02:35:38.917607,2025-04-14 02:35:38.917607,True
220,4,Brandon,Martin,brandon.martin@newton.com,,Counselling psychologist,2024-11-02 02:35:38.917607,2025-03-06 02:35:38.917607,True
221,19,Jacob,Conrad,,973.951.6091,"Nurse, learning disability",2024-08-19 02:35:38.917607,2024-10-21 02:35:38.917607,False
222,18,Dominique,Blanchard,dominique.blanchard@smith-fitzgerald.net,(897)882-9221x69958,Contractor,2024-11-11 02:35:38.917607,2025-04-17 02:35:38.917607,True
223,11,Tiffany,Moon,,765-547-2269x848,Fish farm manager,2025-01-31 02:35:38.917607,2025-02-06 02:35:38.917607,True
224,94,James,Weber,james.weber@reed.com,385.215.8799x68460,Horticultural therapist,2025-02-03 02:35:38.917607,2025-03-18 02:35:38.917607,True
225,39,Oscar,Brown,,242.744.2043,Banker,2024-11-05 02:35:38.917607,2025-02-26 02:35:38.917607,True
226,80,Lisa,Garcia,lisa.garcia@newton.biz,,"Surveyor, planning and development",2023-11-23 02:35:38.917607,2025-03-10 02:35:38.917607,True
227,69,John,Mueller,,001-906-566-5800x439,Holiday representative,2024-12-15 02:35:38.917607,2025-04-06 02:35:38.917607,True
228,19,Rhonda,Bush,rhonda.bush@payne.com,,Mental health nurse,2024-10-19 02:35:38.917607,2025-02-15 02:35:38.917607,True
229,74,Kelly,Thompson,kelly.thompson@rivers.net,660-264-8422,Cabin crew,2025-03-05 02:35:38.917607,2025-03-15 02:35:38.917607,True
230,47,Mark,Mckinney,,7253909479,"Designer, fashion/clothing",2024-08-01 02:35:38.917607,2025-03-16 02:35:38.917607,True
231,71,Kristen,Stewart,,(381)782-6886,English as a second language teacher,2025-03-04 02:35:38.917607,2025-03-08 02:35:38.917607,True
232,50,Jeffrey,Lewis,jeffrey.lewis@ward-robinson.org,378.801.5739x93056,Learning disability nurse,2025-04-09 02:35:38.917607,2025-04-12 02:35:38.917607,True
233,9,Jonathan,Ramsey,jonathan.ramsey@short.info,504.535.8112x8801,Agricultural consultant,2024-05-31 02:35:38.917607,2025-02-23 02:35:38.917607,True
234,99,Michelle,Coleman,michelle.coleman@medina.biz,+1-312-507-5011x0248,Civil Service administrator,2024-12-02 02:35:38.917607,2025-04-12 02:35:38.917607,True
235,46,Rhonda,Russell,rhonda.russell@sullivan.com,+1-309-619-0158,"Production designer, theatre/television/film",2025-01-18 02:35:38.917607,2025-01-20 02:35:38.917607,True
236,60,Kristin,Turner,kristin.turner@hubbard-kim.biz,+1-407-328-3268x42450,Chartered legal executive (England and Wales),2024-10-13 02:35:38.917607,2025-04-11 02:35:38.917607,True
237,18,Bobby,Armstrong,,+1-481-443-5368,"Nurse, mental health",2024-12-21 02:35:38.917607,2025-04-13 02:35:38.917607,True
238,38,Jack,Jensen,jack.jensen@wilson.org,5879814141,Forensic psychologist,2025-03-06 02:35:38.917607,2025-03-28 02:35:38.917607,True
239,40,Stephanie,Howard,stephanie.howard@mitchell.com,277-759-4929x95562,Farm manager,2023-10-09 02:35:38.917607,2025-03-18 02:35:38.917607,True
240,33,John,Walker,,452-357-7754x781,Press photographer,2024-11-22 02:35:38.917607,2025-03-03 02:35:38.917607,True
241,100,Meagan,Trevino,,+1-834-511-0809,Counselling psychologist,2024-11-29 02:35:38.917607,2025-04-10 02:35:38.917607,True
242,48,Rebecca,Arnold,rebecca.arnold@kennedy.com,001-494-427-8816x58039,Speech and language therapist,2024-01-23 02:35:38.917607,2025-04-11 02:35:38.917607,True
243,44,Sean,White,sean.white@brennan.com,5377314530,Systems developer,2024-12-11 02:35:38.917607,2025-03-25 02:35:38.917607,True
244,67,Paul,Hardin,paul.hardin@hooper.com,,Armed forces training and education officer,2024-02-08 02:35:38.917607,2025-03-08 02:35:38.917607,True
245,56,Jane,Boyd,jane.boyd@baker.biz,(991)284-6386x557,Graphic designer,2024-11-29 02:35:38.917607,2025-03-30 02:35:38.917607,True
246,42,Warren,Taylor,,318.543.2225,Diagnostic radiographer,2024-11-17 02:35:38.917607,2025-04-13 02:35:38.917607,True
247,58,Robert,Rivera,robert.rivera@leonard-mendoza.org,(460)230-2992,Clothing/textile technologist,2024-12-25 02:35:38.917607,2025-04-12 02:35:38.917607,True
248,58,Patricia,Thomas,,928-969-9041x379,Dietitian,2025-01-17 02:35:38.917607,2025-04-08 02:35:38.917607,True
249,56,George,Greer,george.greer@norton.org,+1-284-525-7991x36621,Tourist information centre manager,2025-04-03 02:35:38.917607,2025-04-16 02:35:38.917607,True
250,86,Alexandra,Blankenship,alexandra.blankenship@jacobs.info,+1-890-888-1172x980,Personnel officer,2025-01-05 02:35:38.917607,2025-03-01 02:35:38.917607,True
251,87,Mitchell,Williams,,,Senior tax professional/tax inspector,2024-01-25 02:35:38.917607,2025-03-31 02:35:38.917607,True
252,17,Roy,Mays,,001-865-699-1624x73149,Race relations officer,2024-10-12 02:35:38.917607,2025-03-02 02:35:38.917607,True
253,50,Jacob,Fletcher,jacob.fletcher@mills.com,,Actor,2025-01-29 02:35:38.917607,2025-03-27 02:35:38.917607,True
254,58,Gwendolyn,Stewart,gwendolyn.stewart@moore.org,948-469-5946x368,Medical illustrator,2025-03-29 02:35:38.917607,2025-04-08 02:35:38.917607,True
255,18,Mitchell,Peters,mitchell.peters@lane-schroeder.biz,001-221-437-2138x6589,Forensic scientist,2024-11-02 02:35:38.917607,2025-03-13 02:35:38.917607,True
256,32,Paul,Fields,paul.fields@ruiz.biz,,"Chemist, analytical",2024-10-09 02:35:38.917607,2024-12-11 02:35:38.917607,False
257,67,Christopher,Baker,christopher.baker@lynch.biz,(598)249-0277x0384,Metallurgist,2024-07-23 02:35:38.917607,2024-12-05 02:35:38.917607,False
258,91,Kristen,Dixon,kristen.dixon@jackson.com,(214)365-6693,Exhibition designer,2025-03-12 02:35:38.917607,2025-03-17 02:35:38.917607,True
259,26,Samantha,Dunn,,001-255-643-9376,"Surveyor, land/geomatics",2025-02-19 02:35:38.917607,2025-04-06 02:35:38.917607,True
260,92,Gregory,Hunter,gregory.hunter@gordon.com,,"Surveyor, land/geomatics",2024-11-05 02:35:38.917607,2025-03-04 02:35:38.917607,True
261,91,Leah,Frye,,001-947-269-7357,Soil scientist,2024-12-24 02:35:38.917607,2025-03-10 02:35:38.917607,True
262,21,Timothy,Scott,timothy.scott@kramer.com,(958)780-4341x65182,Museum/gallery exhibitions officer,2025-01-26 02:35:38.917607,2025-04-06 02:35:38.917607,True
263,47,Michael,Shannon,michael.shannon@valentine.com,,Geophysical data processor,2025-01-05 02:35:38.917607,2025-04-09 02:35:38.917607,True
264,31,Victor,Gonzalez,victor.gonzalez@clark-harris.com,,Financial controller,2024-07-08 02:35:38.917607,2024-10-11 02:35:38.917607,False
265,60,Mary,Kelly,mary.kelly@mora.info,+1-408-607-5957x947,Clinical biochemist,2023-07-31 02:35:38.917607,2025-04-17 02:35:38.917607,True
266,9,Raymond,Christensen,raymond.christensen@fox.info,+1-908-756-2718,"Conservation officer, historic buildings",2024-08-15 02:35:38.917607,2024-12-04 02:35:38.917607,False
267,53,Hannah,Smith,hannah.smith@carpenter-nguyen.org,828-543-4795x527,"Engineer, materials",2025-03-11 02:35:38.917607,2025-04-09 02:35:38.917607,True
268,41,Robert,Goodwin,robert.goodwin@ramirez-white.com,001-431-443-8663,Medical sales representative,2024-07-27 02:35:38.917607,2025-04-06 02:35:38.917607,True
269,17,Thomas,Smith,thomas.smith@taylor-barry.net,+1-357-444-8906,"Pharmacist, community",2024-06-21 02:35:38.917607,2025-03-25 02:35:38.917607,True
270,99,Brian,Cervantes,brian.cervantes@davis.com,+1-584-450-6159,Publishing copy,2025-02-20 02:35:38.917607,2025-02-23 02:35:38.917607,True
271,16,Tiffany,Mitchell,tiffany.mitchell@dixon.com,(494)772-2569x9611,"Journalist, broadcasting",2024-11-03 02:35:38.917607,2025-04-12 02:35:38.917607,True
272,91,Jeremy,Stewart,jeremy.stewart@adams.info,001-459-887-6220x23413,"Horticulturist, amenity",2025-02-10 02:35:38.917607,2025-03-12 02:35:38.917607,True
273,11,Dakota,Brown,dakota.brown@brown.com,649-921-6433,Public librarian,2024-07-09 02:35:38.917607,2024-11-28 02:35:38.917607,False
274,17,Courtney,Anderson,courtney.anderson@johnson.com,878.648.7282x9979,"Doctor, hospital",2025-03-01 02:35:38.917607,2025-03-16 02:35:38.917607,True
275,83,Regina,Olson,,274-456-4240,Ergonomist,2025-03-09 02:35:38.917607,2025-04-07 02:35:38.917607,True
276,85,Maurice,Harrison,maurice.harrison@weeks.com,001-464-893-0853x68663,Actuary,2024-05-07 02:35:38.917607,2025-03-22 02:35:38.917607,True
277,73,Maria,Walker,,(338)994-4846x31224,Cartographer,2025-03-07 02:35:38.917607,2025-04-15 02:35:38.917607,True
278,83,Christine,Nelson,christine.nelson@lopez-smith.com,+1-502-314-4270,Writer,2025-02-23 02:35:38.917607,2025-02-27 02:35:38.917607,True
279,74,Edward,Snyder,edward.snyder@collins-lloyd.com,505.612.0461x872,"Lighting technician, broadcasting/film/video",2024-08-06 02:35:38.917607,2025-02-07 02:35:38.917607,True
280,38,Lisa,Clayton,lisa.clayton@wright.com,471.283.7645,Community development worker,2024-08-10 02:35:38.917607,2025-02-25 02:35:38.917607,True
281,88,Julie,Dunn,julie.dunn@olson-evans.com,3318365024,Community education officer,2023-05-13 02:35:38.917607,2025-04-10 02:35:38.917607,True
282,21,Kristina,Smith,kristina.smith@logan.com,001-413-927-1950x05281,Archivist,2025-03-22 02:35:38.917607,2025-04-07 02:35:38.917607,True
283,78,Jesse,Holden,,930.565.2407x784,"Loss adjuster, chartered",2025-01-26 02:35:38.917607,2025-03-26 02:35:38.917607,True
284,52,Ashley,Stephens,,001-774-998-2182x7448,Jewellery designer,2024-07-04 02:35:38.917607,2025-02-22 02:35:38.917607,True
285,41,Aaron,Little,aaron.little@lopez.org,,Museum education officer,2024-08-30 02:35:38.917607,2025-04-10 02:35:38.917607,True
286,19,John,Le,,(338)278-2945x6511,Solicitor,2024-10-03 02:35:38.917607,2024-11-11 02:35:38.917607,False
287,54,Mary,Anderson,mary.anderson@rodriguez.com,7965789940,Ambulance person,2025-03-08 02:35:38.917607,2025-03-28 02:35:38.917607,True
288,74,Catherine,Jones,catherine.jones@henry.com,,"Engineer, manufacturing",2025-01-26 02:35:38.917607,2025-02-13 02:35:38.917607,True
289,66,Michael,Paul,michael.paul@bauer-brown.org,880-514-1381x138,Pathologist,2024-12-11 02:35:38.917607,2025-04-16 02:35:38.917607,True
290,12,James,Sandoval,james.sandoval@meza.com,001-995-776-1228x68528,"Teacher, early years/pre",2024-08-14 02:35:38.917607,2025-04-04 02:35:38.917607,True
291,75,Rachel,Pierce,rachel.pierce@gutierrez-schultz.com,,"Journalist, broadcasting",2023-11-28 02:35:38.917607,2025-02-16 02:35:38.917607,True
292,37,Charlene,Hart,charlene.hart@cannon-howe.com,(277)660-0490x824,"Engineer, site",2024-12-28 02:35:38.917607,2025-04-13 02:35:38.917607,True
293,34,Tracey,Lewis,tracey.lewis@ingram.com,+1-788-499-2107,International aid/development worker,2025-01-14 02:35:38.917607,2025-04-17 02:35:38.917607,True
294,52,Devon,Richardson,,334.741.9693,Television floor manager,2024-10-14 02:35:38.917607,2024-11-27 02:35:38.917607,False
295,37,Laura,Thompson,,794-809-6105,Technical author,2024-11-28 02:35:38.917607,2025-04-09 02:35:38.917607,True
296,80,Robert,Parrish,robert.parrish@delgado.biz,,Ergonomist,2025-01-08 02:35:38.917607,2025-03-23 02:35:38.917607,True
297,48,Brian,Warren,brian.warren@cunningham.com,6678998136,"Investment banker, operational",2024-04-08 02:35:38.917607,2025-04-15 02:35:38.917607,True
298,26,Earl,Rogers,earl.rogers@mcgee.biz,562.527.8376x93898,Publishing copy,2025-04-12 02:35:38.917607,2025-04-17 02:35:38.917607,True
299,5,Charles,Frank,,+1-491-716-6553x55904,Jewellery designer,2023-12-19 02:35:38.917607,2025-04-17 02:35:38.917607,True
300,67,Christina,Branch,christina.branch@thomas.com,+1-952-911-0392x40514,Private music teacher,2023-11-07 02:35:38.917607,2025-02-05 02:35:38.917607,True
301,42,Andrew,Clark,andrew.clark@harris.com,+1-679-420-6980,Soil scientist,2024-09-28 02:35:38.917607,2025-04-08 02:35:38.917607,True
302,95,Brian,Gonzalez,brian.gonzalez@brown-pena.com,864-351-0463,Waste management officer,2024-08-01 02:35:38.917607,2025-04-09 02:35:38.917607,True
303,69,Rebecca,Washington,rebecca.washington@miller.net,001-700-738-4576x205,"Therapist, speech and language",2024-08-17 02:35:38.917607,2025-04-04 02:35:38.917607,True
304,3,Colleen,Young,colleen.young@cain-garrett.biz,8845325621,Retail banker,2025-01-01 02:35:38.917607,2025-03-30 02:35:38.917607,True
305,40,Robert,Berry,robert.berry@browning-murphy.net,(432)898-3248,Physiological scientist,2025-03-21 02:35:38.917607,2025-03-29 02:35:38.917607,True
306,61,Wendy,Daugherty,wendy.daugherty@fitzpatrick.net,+1-612-952-0566,Dance movement psychotherapist,2023-09-03 02:35:38.917607,2025-03-12 02:35:38.917607,True
307,30,Julie,Underwood,julie.underwood@maxwell.com,(509)594-9993,Graphic designer,2024-10-25 02:35:38.917607,2024-12-04 02:35:38.917607,False
308,81,Grace,Howard,grace.howard@shaw.info,001-252-667-7223x306,Publishing rights manager,2024-10-05 02:35:38.917607,2025-04-17 02:35:38.917607,True
309,19,Stephanie,Walker,stephanie.walker@jones.org,257.336.6096x5699,"Engineer, electrical",2024-06-28 02:35:38.917607,2025-02-20 02:35:38.917607,True
310,25,Shannon,Wilcox,,588.660.8680,Archivist,2025-03-10 02:35:38.917607,2025-03-22 02:35:38.917607,True
311,89,Scott,Wilkerson,scott.wilkerson@jackson-phillips.com,001-882-877-1812x982,Higher education lecturer,2024-11-12 02:35:38.917607,2025-02-16 02:35:38.917607,True
312,95,Marcus,Johnson,marcus.johnson@mosley.com,452-811-1751x868,Professor Emeritus,2024-07-26 02:35:38.917607,2025-04-14 02:35:38.917607,True
313,72,Andrea,Williams,andrea.williams@cunningham-keller.com,(422)306-4474,"Doctor, hospital",2024-07-22 02:35:38.917607,2024-10-07 02:35:38.917607,False
314,41,Rachel,Horne,rachel.horne@cannon.info,+1-809-973-3977,"Accountant, chartered certified",2024-07-19 02:35:38.917607,2025-04-07 02:35:38.917607,True
315,70,Christopher,Greene,christopher.greene@ramirez.com,6227050209,Financial risk analyst,2024-04-13 02:35:38.917607,2025-03-05 02:35:38.917607,True
316,83,Samantha,Williams,samantha.williams@martin.org,+1-399-882-7950x14556,Pension scheme manager,2024-12-15 02:35:38.917607,2025-03-24 02:35:38.917607,True
317,32,Megan,Brown,megan.brown@martinez.com,868.733.9019x81794,Public affairs consultant,2024-06-17 02:35:38.917607,2024-11-21 02:35:38.917607,False
318,91,Jordan,Andrews,jordan.andrews@ho-mendez.info,877.829.3430x10713,Youth worker,2025-03-08 02:35:38.917607,2025-03-18 02:35:38.917607,True
319,45,Brandon,Bailey,brandon.bailey@davidson.com,214-448-8501x556,"Engineer, petroleum",2024-11-28 02:35:38.917607,2025-02-03 02:35:38.917607,True
320,16,James,Bass,james.bass@robles-brewer.info,(778)257-6084,Quality manager,2024-03-09 02:35:38.917607,2025-04-12 02:35:38.917607,True
321,99,Jared,Jennings,jared.jennings@montes.com,868-329-9629x14504,Manufacturing systems engineer,2024-06-27 02:35:38.917607,2025-04-07 02:35:38.917607,True
322,45,Tyler,Young,tyler.young@robinson-turner.com,(903)617-8078x235,Production engineer,2024-08-15 02:35:38.917607,2025-02-22 02:35:38.917607,True
323,26,Kimberly,Thomas,kimberly.thomas@rhodes.info,(681)204-0915x7018,Chief Technology Officer,2025-02-05 02:35:38.917607,2025-03-14 02:35:38.917607,True
324,18,Becky,Collins,,233-344-8571x42241,"Engineer, manufacturing systems",2025-02-15 02:35:38.917607,2025-04-02 02:35:38.917607,True
325,7,Jamie,Bell,jamie.bell@thomas-bush.com,001-232-414-9587,"Investment banker, operational",2025-01-26 02:35:38.917607,2025-04-03 02:35:38.917607,True
326,7,Anthony,Berger,,960-716-6299,Arts administrator,2025-02-16 02:35:38.917607,2025-04-11 02:35:38.917607,True
327,88,Larry,Roth,larry.roth@beltran.org,,"Social research officer, government",2023-10-02 02:35:38.917607,2025-03-28 02:35:38.917607,True
328,53,David,Hess,david.hess@bryant.info,233.329.4562x5577,Psychotherapist,2024-08-17 02:35:38.917607,2025-02-15 02:35:38.917607,True
329,84,Thomas,Bell,,(345)799-2816,"Psychologist, clinical",2025-03-07 02:35:38.917607,2025-03-30 02:35:38.917607,True
330,83,Angela,Jones,,+1-476-996-3938,Immigration officer,2024-11-02 02:35:38.917607,2025-03-19 02:35:38.917607,True
331,69,Patrick,Peterson,patrick.peterson@mueller-graham.com,+1-932-719-7199,"Therapist, art",2025-03-29 02:35:38.917607,2025-04-15 02:35:38.917607,True
332,54,Angela,Short,angela.short@blanchard-jones.com,,"Editor, commissioning",2025-04-08 02:35:38.917607,2025-04-11 02:35:38.917607,True
333,64,Gina,Carlson,,970-513-2902x27846,Museum education officer,2024-11-20 02:35:38.917607,2025-04-16 02:35:38.917607,True
334,2,Jamie,Rich,jamie.rich@bauer.biz,001-251-290-9862x405,Hydrographic surveyor,2024-05-09 02:35:38.917607,2025-03-12 02:35:38.917607,True
335,59,Jacqueline,Hoover,jacqueline.hoover@callahan.com,(896)756-6668x32723,Mechanical engineer,2023-11-29 02:35:38.917607,2025-04-09 02:35:38.917607,True
336,65,Mary,Moore,mary.moore@smith.com,,Comptroller,2025-02-19 02:35:38.917607,2025-04-15 02:35:38.917607,True
337,21,Douglas,Dyer,douglas.dyer@miller.biz,596.492.7868x765,Press sub,2025-01-16 02:35:38.917607,2025-04-06 02:35:38.917607,True
338,2,Roger,Smith,roger.smith@young.net,001-950-309-7519,Research scientist (physical sciences),2023-09-14 02:35:38.917607,2025-03-24 02:35:38.917607,True
339,23,Douglas,Simon,douglas.simon@black-mills.org,737-218-9490,Health service manager,2025-01-04 02:35:38.917607,2025-04-04 02:35:38.917607,True
340,55,Taylor,Hunt,taylor.hunt@gross.com,,"Psychotherapist, child",2024-05-10 02:35:38.917607,2025-04-14 02:35:38.917607,True
341,24,Keith,Johnson,keith.johnson@torres.info,001-329-404-9047,"Therapist, speech and language",2024-08-06 02:35:38.917607,2025-04-17 02:35:38.917607,True
342,34,William,York,william.york@anderson-campbell.com,6195292752,Health physicist,2025-02-08 02:35:38.917607,2025-04-16 02:35:38.917607,True
343,39,Todd,Lloyd,todd.lloyd@riggs-coffey.org,(776)263-7239,Amenity horticulturist,2025-02-10 02:35:38.917607,2025-03-07 02:35:38.917607,True
344,47,Dawn,Campos,dawn.campos@jackson.info,,Commercial art gallery manager,2025-02-16 02:35:38.917607,2025-03-19 02:35:38.917607,True
345,40,Kevin,Reese,,666.974.2860,Site engineer,2024-06-03 02:35:38.917607,2025-04-10 02:35:38.917607,True
346,82,Patrick,Stewart,patrick.stewart@blanchard.com,(794)454-4149x67393,Senior tax professional/tax inspector,2024-06-07 02:35:38.917607,2025-03-20 02:35:38.917607,True
347,29,Lawrence,Smith,lawrence.smith@smith.net,375-234-4300,Actuary,2024-01-08 02:35:38.917607,2025-03-01 02:35:38.917607,True
348,54,Sheena,Douglas,sheena.douglas@little.org,(369)921-2447,"Engineer, water",2024-12-01 02:35:38.917607,2025-03-21 02:35:38.917607,True
349,98,Sandra,Hill,sandra.hill@berger.com,001-514-806-6504x42717,Physiotherapist,2025-03-07 02:35:38.917607,2025-03-15 02:35:38.917607,True
350,58,Gregory,Vasquez,gregory.vasquez@mack.info,001-241-201-1947x072,Cytogeneticist,2024-11-24 02:35:38.917607,2025-04-16 02:35:38.917607,True
351,8,Elizabeth,Adams,elizabeth.adams@andrews-robertson.info,766.618.3067x1985,Landscape architect,2024-09-22 02:35:38.917607,2025-02-08 02:35:38.917607,True
352,20,Richard,Chen,,(685)817-4328x063,Chemical engineer,2024-01-21 02:35:38.917607,2025-04-17 02:35:38.917607,True
353,88,Peggy,Mccoy,peggy.mccoy@miller-chen.com,(603)909-3761,Mechanical engineer,2025-01-14 02:35:38.917607,2025-02-11 02:35:38.917607,True
354,58,Amanda,Flowers,amanda.flowers@johnson.com,001-406-913-8782x9310,"Production assistant, television",2024-12-07 02:35:38.917607,2025-04-11 02:35:38.917607,True
355,59,Desiree,Ruiz,desiree.ruiz@sanchez.com,3203417929,Water engineer,2024-06-06 02:35:38.917607,2025-04-16 02:35:38.917607,True
356,51,Danny,Larson,danny.larson@brown.biz,,Warden/ranger,2025-03-21 02:35:38.917607,2025-04-13 02:35:38.917607,True
357,10,Matthew,Huff,,419-882-5309x25114,Operational investment banker,2025-03-16 02:35:38.917607,2025-03-31 02:35:38.917607,True
358,8,Gary,Wood,gary.wood@sanchez-perkins.com,,"Development worker, international aid",2023-12-21 02:35:38.917607,2025-04-13 02:35:38.917607,True
359,37,Craig,Boone,craig.boone@strickland-smith.info,400-521-9467,Video editor,2024-12-31 02:35:38.917607,2025-04-06 02:35:38.917607,True
360,49,Douglas,Nelson,douglas.nelson@allen-thompson.com,+1-327-391-4560x833,"Production designer, theatre/television/film",2024-03-27 02:35:38.917607,2025-02-28 02:35:38.917607,True
361,11,Christine,Huffman,christine.huffman@robinson.com,2317277220,"Solicitor, Scotland",2024-07-15 02:35:38.917607,2025-02-08 02:35:38.917607,True
362,84,Justin,Hamilton,justin.hamilton@trujillo.com,,"Lecturer, higher education",2025-02-08 02:35:38.917607,2025-02-26 02:35:38.917607,True
363,68,Sara,Thompson,,381.713.7995x6353,Air cabin crew,2025-04-16 02:35:38.917607,2025-04-17 02:35:38.917607,True
364,39,Jeremy,Young,jeremy.young@bennett.com,997.506.2397x2652,Passenger transport manager,2024-12-30 02:35:38.917607,2025-03-14 02:35:38.917607,True
365,49,Crystal,Cantrell,crystal.cantrell@martinez-schwartz.com,421-577-6253x492,"Engineer, electrical",2024-04-28 02:35:38.917607,2025-03-29 02:35:38.917607,True
366,36,Christopher,Vincent,,797.874.0633,Records manager,2024-10-04 02:35:38.917607,2025-03-20 02:35:38.917607,True
367,5,Bethany,Snow,bethany.snow@mcintyre.biz,3079806867,"Therapist, art",2025-04-01 02:35:38.917607,2025-04-17 02:35:38.917607,True
368,31,Tyler,Miller,tyler.miller@dennis.com,,"Administrator, charities/voluntary organisations",2025-03-31 02:35:38.917607,2025-04-03 02:35:38.917607,True
369,77,John,Duarte,john.duarte@caldwell-martin.info,001-990-277-2625,"Administrator, sports",2024-12-13 02:35:38.917607,2025-04-17 02:35:38.917607,True
370,52,Michelle,Jones,michelle.jones@johnson.org,+1-293-319-5085,Learning mentor,2024-03-27 02:35:38.917607,2025-03-20 02:35:38.917607,True
371,18,Patrick,Marshall,patrick.marshall@richardson-wong.com,+1-532-553-8179,Architect,2024-11-21 02:35:38.917607,2025-03-08 02:35:38.917607,True
372,74,Luke,Hurst,luke.hurst@henderson.info,988.317.8847x9513,Retail manager,2024-11-04 02:35:38.917607,2025-03-18 02:35:38.917607,True
373,39,Christopher,Hurst,christopher.hurst@rodriguez.com,001-727-823-8046x827,Homeopath,2024-12-05 02:35:38.917607,2025-04-03 02:35:38.917607,True
374,53,Scott,Newman,scott.newman@brown.net,,"Horticulturist, amenity",2024-06-19 02:35:38.917607,2025-03-26 02:35:38.917607,True
375,81,Deanna,Jenkins,deanna.jenkins@lucas.net,+1-577-949-2424,Lobbyist,2025-03-24 02:35:38.917607,2025-04-17 02:35:38.917607,True
376,45,Nathan,Roberts,nathan.roberts@gomez.com,+1-428-942-2223x105,Art gallery manager,2024-07-23 02:35:38.917607,2024-11-05 02:35:38.917607,False
377,90,Jorge,Lopez,jorge.lopez@johnson.com,,"Surveyor, planning and development",2024-10-07 02:35:38.917607,2025-03-01 02:35:38.917607,True
378,97,Shane,Cantrell,shane.cantrell@martinez-johnson.info,001-927-752-0885x47492,"Social research officer, government",2024-08-30 02:35:38.917607,2025-04-08 02:35:38.917607,True
379,91,Hannah,Dennis,,(781)340-6937,Architect,2025-04-10 02:35:38.917607,2025-04-11 02:35:38.917607,True
380,54,Mark,Franklin,mark.franklin@fox.com,,"Engineer, broadcasting (operations)",2025-02-14 02:35:38.917607,2025-04-01 02:35:38.917607,True
381,27,Andrew,Ryan,andrew.ryan@powers.com,,Product designer,2024-12-23 02:35:38.917607,2025-03-01 02:35:38.917607,True
382,12,Tracy,Morrison,tracy.morrison@kerr.biz,(665)965-0455,Sales promotion account executive,2025-02-24 02:35:38.917607,2025-03-31 02:35:38.917607,True
383,49,Nancy,Miller,nancy.miller@riddle.biz,001-862-399-1234x7851,"Producer, radio",2025-02-02 02:35:38.917607,2025-03-24 02:35:38.917607,True
384,98,Adam,Fowler,adam.fowler@thompson-murray.org,001-923-526-4870x49478,Government social research officer,2024-12-27 02:35:38.917607,2025-03-18 02:35:38.917607,True
385,27,Anthony,Smith,anthony.smith@blanchard-flowers.info,946-327-3014,Garment/textile technologist,2025-04-14 02:35:38.917607,2025-04-16 02:35:38.917607,True
386,25,Carol,Cox,carol.cox@graham.com,,Quarry manager,2024-10-06 02:35:38.917607,2024-12-16 02:35:38.917607,False
387,32,Nathaniel,Quinn,nathaniel.quinn@martin-brown.com,325.520.4565x044,Adult guidance worker,2024-03-07 02:35:38.917607,2024-12-16 02:35:38.917607,False
388,71,Katie,White,katie.white@goodwin.com,951-889-5202x845,Chief Marketing Officer,2023-12-27 02:35:38.917607,2025-02-08 02:35:38.917607,True
389,84,Matthew,Bartlett,matthew.bartlett@moore.com,+1-398-488-1671,"Civil engineer, consulting",2025-02-11 02:35:38.917607,2025-02-13 02:35:38.917607,True
390,60,Sandra,Mendoza,,001-452-479-8524x013,Insurance underwriter,2023-12-24 02:35:38.917607,2025-04-11 02:35:38.917607,True
391,41,Hailey,Parker,hailey.parker@zavala.com,207-960-3108,"Engineer, manufacturing systems",2024-09-18 02:35:38.917607,2025-04-16 02:35:38.917607,True
392,73,David,King,david.king@contreras-webster.com,+1-739-432-5012x495,Brewing technologist,2025-04-09 02:35:38.917607,2025-04-13 02:35:38.917607,True
393,71,Melissa,Norman,melissa.norman@wagner.com,001-308-533-4280,Video editor,2024-02-15 02:35:38.917607,2025-03-11 02:35:38.917607,True
394,20,Samantha,York,,(892)371-2566x383,Public relations officer,2023-09-12 02:35:38.917607,2025-04-11 02:35:38.917607,True
395,32,Kathleen,Edwards,kathleen.edwards@stone.com,001-648-901-5716x479,"Psychologist, prison and probation services",2024-05-07 02:35:38.917607,2024-12-07 02:35:38.917607,False
396,98,Jeremiah,Russell,jeremiah.russell@gates.com,(407)816-7811,Phytotherapist,2024-08-09 02:35:38.917607,2025-03-19 02:35:38.917607,True
397,22,Richard,Garza,richard.garza@schaefer.com,939-861-3674x99465,"Civil engineer, consulting",2025-03-13 02:35:38.917607,2025-03-14 02:35:38.917607,True
398,63,Vanessa,Dixon,,001-271-414-7732x01017,Data processing manager,2024-11-04 02:35:38.917607,2025-04-02 02:35:38.917607,True
399,68,Patrick,Shelton,,699-711-8773x4778,"Designer, ceramics/pottery",2025-03-24 02:35:38.917607,2025-03-24 02:35:38.917607,True
400,1,Lisa,Fernandez,lisa.fernandez@ewing.biz,856.477.0028x427,Adult nurse,2024-12-20 02:35:38.917607,2025-04-13 02:35:38.917607,True
401,91,Larry,Price,,001-278-889-7782,Clinical molecular geneticist,2025-02-18 02:35:38.917607,2025-03-25 02:35:38.917607,True
402,8,Jose,Garza,jose.garza@rhodes.com,8903255905,Multimedia programmer,2023-12-10 02:35:38.917607,2025-02-14 02:35:38.917607,True
403,3,Ronnie,Braun,,(403)233-4911x415,Paramedic,2025-04-14 02:35:38.917607,2025-04-17 02:35:38.917607,True
404,68,Amanda,Johnson,amanda.johnson@robertson.info,001-905-369-6591,"Pharmacist, hospital",2024-11-22 02:35:38.917607,2025-04-16 02:35:38.917607,True
405,65,Hannah,Harris,hannah.harris@cain.com,(863)571-8344x049,Research scientist (maths),2025-01-16 02:35:38.917607,2025-04-17 02:35:38.917607,True
406,13,Claudia,Rubio,claudia.rubio@vargas.com,001-687-863-5148,Technical sales engineer,2024-11-10 02:35:38.917607,2025-04-01 02:35:38.917607,True
407,33,Elizabeth,Edwards,elizabeth.edwards@king-robertson.net,(808)229-7374,Patent examiner,2024-09-26 02:35:38.917607,2025-04-07 02:35:38.917607,True
408,48,Alexa,Diaz,alexa.diaz@hernandez.com,(365)413-6442x49363,Data scientist,2024-08-11 02:35:38.917607,2025-04-14 02:35:38.917607,True
409,39,James,Sanchez,james.sanchez@washington-esparza.biz,+1-203-224-2044x8207,Insurance claims handler,2024-11-01 02:35:38.917607,2025-03-07 02:35:38.917607,True
410,98,Michele,Miller,,616-951-6231x9818,Town planner,2024-10-06 02:35:38.917607,2025-03-13 02:35:38.917607,True
411,61,Nicole,Young,,,Community education officer,2024-10-24 02:35:38.917607,2025-04-12 02:35:38.917607,True
412,64,Kerri,Edwards,kerri.edwards@price.biz,221.923.4764,Television/film/video producer,2024-10-30 02:35:38.917607,2025-03-30 02:35:38.917607,True
413,13,Amanda,Lyons,amanda.lyons@gardner-wells.com,825-675-4090x034,"Clinical scientist, histocompatibility and immunogenetics",2025-02-18 02:35:38.917607,2025-04-11 02:35:38.917607,True
414,89,Danielle,Haynes,danielle.haynes@camacho.biz,341-934-3275x604,Community development worker,2025-04-06 02:35:38.917607,2025-04-16 02:35:38.917607,True
415,88,Thomas,Gutierrez,thomas.gutierrez@henderson.com,001-448-915-6985x700,Learning mentor,2023-09-18 02:35:38.917607,2025-04-13 02:35:38.917607,True
416,23,Krystal,Taylor,krystal.taylor@fuller.org,912-938-2965,Oncologist,2025-02-23 02:35:38.917607,2025-04-08 02:35:38.917607,True
417,19,Morgan,Anderson,morgan.anderson@watkins.com,(552)666-9300x89317,Early years teacher,2024-09-26 02:35:38.917607,2025-03-29 02:35:38.917607,True
418,39,Jacqueline,Jackson,,+1-869-942-1529x108,Oncologist,2024-09-16 02:35:38.917607,2025-03-24 02:35:38.917607,True
419,87,Margaret,Snyder,margaret.snyder@harris.com,476-226-3934x3626,Environmental manager,2024-11-25 02:35:38.917607,2025-03-28 02:35:38.917607,True
420,65,Kelly,Green,kelly.green@solomon-wood.info,607-325-6366,Waste management officer,2025-02-26 02:35:38.917607,2025-04-14 02:35:38.917607,True
421,30,Cody,Brown,cody.brown@ruiz.org,+1-490-604-8964x65280,Learning mentor,2024-03-07 02:35:38.917607,2024-03-17 02:35:38.917607,False
422,42,Geoffrey,Vasquez,,921.658.6241x502,"Librarian, academic",2024-08-30 02:35:38.917607,2025-04-10 02:35:38.917607,True
423,30,Julie,Howe,julie.howe@austin-juarez.com,456.225.7287x03203,Heritage manager,2024-01-31 02:35:38.917607,2025-01-12 02:35:38.917607,False
424,88,Thomas,Martin,thomas.martin@wilson-woodard.info,3757877712,"Psychologist, sport and exercise",2023-07-24 02:35:38.917607,2025-03-11 02:35:38.917607,True
425,32,Clayton,Oneill,clayton.oneill@brady.org,,Education administrator,2024-11-11 02:35:38.917607,2025-01-10 02:35:38.917607,False
426,49,Crystal,Cantrell,crystal_cantrell@martinez-schwartz.com,421-577-6253x492,"Engineer, electrical",2024-04-28 02:35:38.917607,2025-03-29 02:35:38.917607,True
427,91,Hannah,Dennisn,,(781)340-6937,Architect,2025-04-10 02:35:38.917607,2025-04-11 02:35:38.917607,True
428,36,Eugene,Jones,eugene.jones@wheeler-austin.info,001-806-629-6201x533,Chief Financial Officer,2025-03-30 02:35:38.917607,2025-04-08 02:35:38.917607,True
429,44,Joseph,Cobb,joseph.cobb@brennan-garrison.com,775.643.3036,Clinical cytogeneticist,2024-10-14 02:35:38.917607,2025-04-07 02:35:38.917607,True
430,19,Rhonda,Bush,rhonda.bush@payne.com,,Mental health nurse,2024-10-19 02:35:38.917607,2025-02-15 02:35:38.917607,True
431,60,Sandra,Mendoza,,001.452.479.8524x013,Insurance underwriter,2023-12-24 02:35:38.917607,2025-04-11 02:35:38.917607,True
432,85,Raymond,Blair,raymond_blair@edwards-scott.com,,Intelligence analyst,2024-12-21 02:35:38.917607,2025-03-31 02:35:38.917607,True
433,16,Daniel,Hall,daniel_hall@henson.com,+1-517-446-1200x4711,Agricultural consultant,2024-08-29 02:35:38.917607,2025-04-09 02:35:38.917607,True
434,19,Jacob,Conrads,,973.951.6091,"Nurse, learning disability",2024-08-19 02:35:38.917607,2024-10-21 02:35:38.917607,False
435,41,Aaron,Little,aaron.little@lopez.org,,Textile designer,2024-08-30 02:35:38.917607,2025-04-10 02:35:38.917607,True
436,57,Jennifer,Conner,jennifer.conner@scott.com,+1-210-601-6761x84723,Mining engineer,2024-03-12 02:35:38.917607,2025-02-19 02:35:38.917607,True
437,49,Paul,Watson,paul.watson@matthews-barber.biz,+1.317.796.4053x7735,"Sound technician, broadcasting/film/video",2023-08-24 02:35:38.917607,2025-02-22 02:35:38.917607,True
438,52,Ashleye,Stephens,,001-774-998-2182x7448,Jewellery designer,2024-07-04 02:35:38.917607,2025-02-22 02:35:38.917607,True
439,30,Julie,Underwood,julie.underwood@maxwell.com,(509)594.9993,Graphic designer,2024-10-25 02:35:38.917607,2024-12-04 02:35:38.917607,False
440,84,Michaeln,Martin,michael.martin@rivas.com,(293)233-3468,Further education lecturer,2025-01-31 02:35:38.917607,2025-04-07 02:35:38.917607,True
441,99,Rebecca,Newman,rebecca.newman@baker-williams.com,4454561100,"Programmer, multimedia",2023-10-25 02:35:38.917607,2025-02-23 02:35:38.917607,True
442,74,Luke,Hurst,luke.hurst@henderson.info,988.317.8847x9513,"Engineer, petroleum",2024-11-04 02:35:38.917607,2025-03-18 02:35:38.917607,True
443,13,Anthony,Nelson,anthony.nelson@perez-tran.biz,(829)761-9431x14262,Television production assistant,2025-02-05 02:35:38.917607,2025-04-16 02:35:38.917607,True
444,53,Hannah,Smith,hannah_smith@carpenter-nguyen.org,828-543-4795x527,"Engineer, materials",2025-03-11 02:35:38.917607,2025-04-09 02:35:38.917607,True
445,8,Elizabeth,Adams,elizabeth.adams@andrews-robertson.info,766.618.3067x1985,Landscape architect,2024-09-22 02:35:38.917607,2025-02-08 02:35:38.917607,True
446,21,Tara,Bishop,tara.bishop@ferguson.info,,"Production assistant, radio",2025-02-24 02:35:38.917607,2025-04-12 02:35:38.917607,True
447,14,Robert,Payne,robert.payne@best-townsend.com,001.610.843.0068,Drilling engineer,2025-03-19 02:35:38.917607,2025-03-24 02:35:38.917607,True
448,50,Jacob,Fletcher,jacob_fletcher@mills.com,,Actor,2025-01-29 02:35:38.917607,2025-03-27 02:35:38.917607,True
449,96,David,Dudley,david_dudley@mckinney.net,9866131712,Transport planner,2024-01-09 02:35:38.917607,2025-03-14 02:35:38.917607,True
450,11,Tiffany,Moon,,765.547.2269x848,Fish farm manager,2025-01-31 02:35:38.917607,2025-02-06 02:35:38.917607,True
451,98,Elizabeth,Davidson,,+1.390.902.8772,Database administrator,2024-07-29 02:35:38.917607,2025-04-08 02:35:38.917607,True
452,58,Patrician,Thomas,,928-969-9041x379,Dietitian,2025-01-17 02:35:38.917607,2025-04-08 02:35:38.917607,True
453,12,Todd,Jones,todd_jones@le.org,+1-937-712-4065x965,Food technologist,2025-03-27 02:35:38.917607,2025-04-16 02:35:38.917607,True
454,52,Michelle,Joness,michelle.jones@johnson.org,+1-293-319-5085,Learning mentor,2024-03-27 02:35:38.917607,2025-03-20 02:35:38.917607,True
455,83,Samantha,Williams,samantha_williams@martin.org,+1-399-882-7950x14556,Pension scheme manager,2024-12-15 02:35:38.917607,2025-03-24 02:35:38.917607,True
456,46,Rhonda,Russell,rhonda.russell@sullivan.com,+1-309-619-0158,"Production designer, theatre/television/film",2025-01-18 02:35:38.917607,2025-01-20 02:35:38.917607,True
457,36,Rodneyn,Morales,rodney.morales@jensen.net,528.256.9146,Software engineer,2024-11-25 02:35:38.917607,2024-11-26 02:35:38.917607,False
458,65,Gina,Pace,gina.pace@willis.com,472.815.1070,"Accountant, chartered management",2024-10-18 02:35:38.917607,2025-04-17 02:35:38.917607,True
459,43,Kim,Flores,,+1.313.673.6785x082,Pension scheme manager,2024-07-01 02:35:38.917607,2025-03-16 02:35:38.917607,True
460,80,Lisa,Garcia,lisa.garcia@newton.biz,,"Surveyor, planning and development",2023-11-23 02:35:38.917607,2025-03-10 02:35:38.917607,True
461,19,Jacob,Conrad,,973.951.6091,Secondary school teacher,2024-08-19 02:35:38.917607,2024-10-21 02:35:38.917607,False
462,27,Nancy,Williamson,nancy.williamson@moore-white.org,,"Therapist, speech and language",2025-02-03 02:35:38.917607,2025-02-20 02:35:38.917607,True
463,78,Robert,Woodward,robert.woodward@ramirez.net,(457)519-1826x19906,"Teacher, English as a foreign language",2024-10-06 02:35:38.917607,2025-03-16 02:35:38.917607,True
464,51,Danny,Larson,danny_larson@brown.biz,,Warden/ranger,2025-03-21 02:35:38.917607,2025-04-13 02:35:38.917607,True
465,42,Warren,Taylor,,318.543.2225,Diagnostic radiographer,2024-11-17 02:35:38.917607,2025-04-13 02:35:38.917607,True
466,80,Brent,Doughertyn,,(232)359-5327x87747,Warden/ranger,2024-06-27 02:35:38.917607,2025-04-03 02:35:38.917607,True
467,96,Clarence,Wards,clarence.ward@beck-banks.com,(943)261-1037x1293,Charity fundraiser,2023-09-26 02:35:38.917607,2025-04-10 02:35:38.917607,True
468,91,Larry,Price,,001-278-889-7782,Clinical molecular geneticist,2025-02-18 02:35:38.917607,2025-03-25 02:35:38.917607,True
469,68,Charles,Harrisn,charles.harris@moore.info,,Television/film/video producer,2024-09-27 02:35:38.917607,2025-03-10 02:35:38.917607,True
470,87,Margaret,Snydern,margaret.snyder@harris.com,476-226-3934x3626,Environmental manager,2024-11-25 02:35:38.917607,2025-03-28 02:35:38.917607,True
471,4,Kari,Wilson,,249-278-4036,Education administrator,2024-11-21 02:35:38.917607,2025-02-01 02:35:38.917607,True
472,38,Mark,Simon,mark.simon@lopez.org,+1-732-596-6851x61227,Pension scheme manager,2024-03-08 02:35:38.917607,2025-03-31 02:35:38.917607,True
473,38,Lisa,Clayton,lisa_clayton@wright.com,471.283.7645,Community development worker,2024-08-10 02:35:38.917607,2025-02-25 02:35:38.917607,True
474,58,Gregory,Vasquez,gregory.vasquez@mack.info,001-241-201-1947x072,Camera operator,2024-11-24 02:35:38.917607,2025-04-16 02:35:38.917607,True
475,21,Samantha,Hoopers,samantha.hooper@meadows.org,,"Social research officer, government",2025-04-14 02:35:38.917607,2025-04-15 02:35:38.917607,True
476,81,Justin,Whiten,justin.white@good.biz,466.518.2512x868,Control and instrumentation engineer,2024-09-04 02:35:38.917607,2025-04-17 02:35:38.917607,True
477,59,Desireen,Ruiz,desiree.ruiz@sanchez.com,3203417929,Water engineer,2024-06-06 02:35:38.917607,2025-04-16 02:35:38.917607,True
478,40,Kevin,Reese,,666.974.2860,Site engineer,2024-06-03 02:35:38.917607,2025-04-10 02:35:38.917607,True
479,7,Jamie,Bell,jamie.bell@thomas-bush.com,001.232.414.9587,"Investment banker, operational",2025-01-26 02:35:38.917607,2025-04-03 02:35:38.917607,True
480,76,Samuel,Roberson,samuel.roberson@mack.com,,"Librarian, public",2024-09-17 02:35:38.917607,2025-01-24 02:35:38.917607,True
481,2,Roger,Smith,roger_smith@young.net,001-950-309-7519,Research scientist (physical sciences),2023-09-14 02:35:38.917607,2025-03-24 02:35:38.917607,True
482,5,Bethany,Snown,bethany.snow@mcintyre.biz,3079806867,"Therapist, art",2025-04-01 02:35:38.917607,2025-04-17 02:35:38.917607,True
483,30,Wendy,Franciss,wendy.francis@hodges.com,524.800.5045x562,Politician's assistant,2023-10-19 02:35:38.917607,2024-12-09 02:35:38.917607,False
484,42,Warren,Taylor,,318.543.2225,Fine artist,2024-11-17 02:35:38.917607,2025-04-13 02:35:38.917607,True
485,99,David,Hamilton,david.hamilton@patterson-woods.com,2835505830,Research scientist (physical sciences),2024-11-11 02:35:38.917607,2025-03-28 02:35:38.917607,True
486,92,Gregory,Hunters,gregory.hunter@gordon.com,,"Surveyor, land/geomatics",2024-11-05 02:35:38.917607,2025-03-04 02:35:38.917607,True
487,48,Ryan,Gross,,+1.587.976.9453x147,Geophysicist/field seismologist,2025-04-05 02:35:38.917607,2025-04-11 02:35:38.917607,True
488,49,Douglas,Nelson,douglas.nelson@allen-thompson.com,+1-327-391-4560x833,Chief Marketing Officer,2024-03-27 02:35:38.917607,2025-02-28 02:35:38.917607,True
489,40,Robert,Berry,robert.berry@browning-murphy.net,(432)898-3248,Physiological scientist,2025-03-21 02:35:38.917607,2025-03-29 02:35:38.917607,True
490,20,Samantha,York,,(892)371-2566x383,Public relations officer,2023-09-12 02:35:38.917607,2025-04-11 02:35:38.917607,True
491,21,Douglas,Dyer,douglas.dyer@miller.biz,596.492.7868x765,Press sub,2025-01-16 02:35:38.917607,2025-04-06 02:35:38.917607,True
492,13,Joel,Snyder,joel.snyder@armstrong.com,+1-711-346-7866x912,Land/geomatics surveyor,2024-12-04 02:35:38.917607,2025-04-03 02:35:38.917607,True
493,56,Wendy,Pierce,wendy.pierce@chavez.com,618-523-3749x89413,Agricultural engineer,2025-01-25 02:35:38.917607,2025-02-22 02:35:38.917607,True
494,69,Patrick,Petersonn,patrick.peterson@mueller-graham.com,+1-932-719-7199,"Therapist, art",2025-03-29 02:35:38.917607,2025-04-15 02:35:38.917607,True
495,48,Alexa,Diaz,alexa.diaz@hernandez.com,(365)413-6442x49363,Data scientist,2024-08-11 02:35:38.917607,2025-04-14 02:35:38.917607,True
496,55,Angelan,Lee,,+1-729-994-6804x43699,Museum education officer,2025-03-23 02:35:38.917607,2025-04-09 02:35:38.917607,True
497,19,Suzanne,Wilson,suzanne.wilson@dominguez.com,(938)954-6785x4458,Higher education careers adviser,2024-05-06 02:35:38.917607,2024-05-07 02:35:38.917607,False
498,49,Nancy,Miller,nancy.miller@riddle.biz,001-862-399-1234x7851,Community development worker,2025-02-02 02:35:38.917607,2025-03-24 02:35:38.917607,True
499,19,John,Le,,(338)278-2945x6511,"Nurse, mental health",2024-10-03 02:35:38.917607,2024-11-11 02:35:38.917607,False
500,88,Peggy,Mccoy,peggy.mccoy@miller-chen.com,(603)909-3761,Midwife,2025-01-14 02:35:38.917607,2025-02-11 02:35:38.917607,True
